title,price,image_url
Shop on eBay,$20.00,https://ir.ebaystatic.com/rs/v/fxxj3ttftm5ltcqnto1o4baovyl.png
Apple AirPods Pro 2nd Generation With Magsafe Wireless Charging Case MQD83AM/A,$159.95,https://i.ebayimg.com/thumbs/images/g/fKgAAOSwWuRjZXXl/s-l300.jpg
Apple AirPods Pro (2nd Generation) Gen 2 - Excellent,$154.99,https://i.ebayimg.com/thumbs/images/g/ywMAAOSwDLljl75S/s-l300.jpg
Apple Airpods Pro with Magsafe Charging Case - A2083 A2190 MLWK3AM/A. Excellent,$134.99,https://i.ebayimg.com/thumbs/images/g/tYIAAOSwRxZhTgXt/s-l300.jpg
Apple Airpods Pro with Wireless Charging Case - A2083 MWP22AM/A. Excellent,$134.99,https://i.ebayimg.com/thumbs/images/g/tYIAAOSwRxZhTgXt/s-l300.jpg
For Airpods Pro （2nd generation）Earbuds Earphones with Charging Case,$45.29,https://i.ebayimg.com/thumbs/images/g/8S8AAOSwprBlAm8F/s-l300.jpg
For Airpods Pro （2nd generation）Earbuds Earphones with Charging Case and Lanyard,$44.63,https://i.ebayimg.com/thumbs/images/g/QqMAAOSwq0JlLi2-/s-l300.jpg
Apple AirPods Pro (2nd Generation) with MagSafe Wireless Charging Case - White,$154.75,https://i.ebayimg.com/thumbs/images/g/~E0AAOSwL4xjg5lL/s-l300.jpg
Apple AirPods Pro 1st Generation Wireless Earbuds Bluetooth Charging Case,$55.00,https://i.ebayimg.com/thumbs/images/g/HYwAAOSwd2dk6sT7/s-l300.jpg
Apple Airpods Pro 1st Gen LEFT Side Airpod Only - Original Apple Airpods Pro 1st,$47.99,https://i.ebayimg.com/thumbs/images/g/sRUAAOSw82VfCOqL/s-l300.jpg
Apple AirPods Pro with MagSafe Wireless Charging Case - White,$39.00,https://i.ebayimg.com/thumbs/images/g/P2AAAOSweV9lPWNd/s-l300.jpg
New ListingApple AirPods Pro with Wireless Charging Case - White,$35.00,https://i.ebayimg.com/thumbs/images/g/6AgAAOSwIM1lQ-Wr/s-l300.jpg
Genuine Original Apple AirPods Pro Replacement Wireless Charging Case ONLY A2190,$61.85,https://i.ebayimg.com/thumbs/images/g/aEQAAOSwmPRk0RFy/s-l300.jpg
New ListingApple AirPods Pro White Good Condition   Box,$0.99,https://i.ebayimg.com/thumbs/images/g/nrwAAOSwmx5lRY3b/s-l300.jpg
Apple AirPods Pro with Magsafe Charging Case - White (MLWK3AM/A)™,$150.59,https://i.ebayimg.com/thumbs/images/g/wqkAAOSw1GRkJa1i/s-l300.jpg
Apple Airpods Pro Select Right or Left Replacements Lot 100% authentic,$55.99,https://i.ebayimg.com/thumbs/images/g/fqcAAOSwstliueax/s-l300.jpg
Apple AirPods 3rd Generation Wireless In-Ear Headset - White - Excellent,$114.99,https://i.ebayimg.com/thumbs/images/g/r1wAAOSwLiFh6ImN/s-l300.jpg
Apple AirPods Pro with MagSafe Wireless Charging Case - White,$40.00,https://i.ebayimg.com/thumbs/images/g/AYQAAOSwKM1lG102/s-l300.jpg
Genuine Apple AirPods Pro RIGHT Side A2083 - Replacement RIGHT SIDE EARBUD 1st,$59.99,https://i.ebayimg.com/thumbs/images/g/1ecAAOSw0x1jcwnU/s-l300.jpg
Apple AirPods Pro,$23.50,https://i.ebayimg.com/thumbs/images/g/zIMAAOSwAmZlPZAm/s-l300.jpg
Apple Airpods Pro 2nd Generation Wireless Charging Case,$72.95,https://i.ebayimg.com/thumbs/images/g/zF8AAOSwlhtj7A79/s-l300.jpg
2022 Apple Airpods Pro 2nd Generation with MagSafe Wireless Charging Case- White,$99.99,https://i.ebayimg.com/thumbs/images/g/ymAAAOSwVUhlPQ2t/s-l300.jpg
Apple AirPods Pro with Wireless Charging Case - White,$25.00,https://i.ebayimg.com/thumbs/images/g/WPQAAOSwEmRlLcx~/s-l300.jpg
Apple AirPods Pro 2nd Generation with MagSafe Wireless Charging Case,$160.00,https://i.ebayimg.com/thumbs/images/g/Ht0AAOSwVKdlMr2I/s-l300.jpg
New ListingApple AirPods Pro 2nd Generation with MagSafe Wireless Charging Case - White,$65.05,https://i.ebayimg.com/thumbs/images/g/vf0AAOSw8~plMaRc/s-l300.jpg
New ListingApple AirPods Pro With Wireless Charging Case - White,$50.00,https://i.ebayimg.com/thumbs/images/g/BhIAAOSwechlPBGa/s-l300.jpg
Apple AirPods PRO Wireless Headset White MWP22AM/A - Very Good,$116.99,https://i.ebayimg.com/thumbs/images/g/rs0AAOSww41e35F7/s-l300.jpg
"Apple AirPods Pro (2nd Gen) with MagSafe Charging Case USB-C, MTJV3AM/A",$48.00,https://i.ebayimg.com/thumbs/images/g/mE8AAOSwdbVlQ4tx/s-l300.jpg
Apple Airpods Pro 1st Wireless Charging Case-Original Airpods Pro Charging Case,$49.97,https://i.ebayimg.com/thumbs/images/g/lYwAAOSwfeFhv7o1/s-l300.jpg
Genuine Apple AirPods Pro Replacement Right or Left or Charging Case 1st,$59.99 to $119.99,https://i.ebayimg.com/thumbs/images/g/f8gAAOSwr~hi35la/s-l300.jpg
Apple AirPods Pro Left Airpod Replacement Left Side Airpods Pro 1st Only,$59.99,https://i.ebayimg.com/thumbs/images/g/Uo8AAOSw5QNjiy1r/s-l300.jpg
AirPods Pro 2nd Generation with MagSafe Wireless Charging Case - White,$90.70,https://i.ebayimg.com/thumbs/images/g/xzgAAOSw91tkr6Tf/s-l300.jpg
GENUINE Apple AirPods Pro with MagSafe Wireless Charging Case - AUSSIE RESELLER,$161.96,https://i.ebayimg.com/thumbs/images/g/onQAAOSwz7NlOEae/s-l300.jpg
Apple AirPods Pro 2nd Generation with MagSafe Wireless Charging Case,$36.00,https://i.ebayimg.com/thumbs/images/g/plEAAOSwvNBlDMvD/s-l300.jpg
New ListingApple AirPods Pro with MagSafe Wireless Charging Case - White (READ DESCRIPTION),$60.00,https://i.ebayimg.com/thumbs/images/g/UW4AAOSwigtlRVZd/s-l300.jpg
Apple AirPods Pro 2nd Generation with MagSafe Wireless Charging Case - White,$62.00,https://i.ebayimg.com/thumbs/images/g/~bcAAOSwEAVlJU1c/s-l300.jpg
Apple AirPods Pro (1st Generation) with MagSafe Wireless Charging Case. Used,$50.00,https://i.ebayimg.com/thumbs/images/g/kvwAAOSwvrFlNrBS/s-l300.jpg
Apple Airpods Pro 2nd Generation - Good,$159.99,https://i.ebayimg.com/thumbs/images/g/e2sAAOSwmq5j7lHf/s-l300.jpg
New ListingApple AirPods Pro 2nd Generation with MagSafe Wireless Charging Case - White,$4.99,https://i.ebayimg.com/thumbs/images/g/dkEAAOSwzmhlOn7j/s-l300.jpg
Airpods Pro 2nd Generation Bluetooth Earbuds Earphone Headset & Charging Case,$62.99,https://i.ebayimg.com/thumbs/images/g/QY0AAOSwiMBlAWKL/s-l300.jpg
AirPods Pro 2nd generation with MagSafe Wireless Charging Case - White,$91.43,https://i.ebayimg.com/thumbs/images/g/HcEAAOSwG~5lPAYU/s-l300.jpg
Apple AirPods Pro with MagSafe Wireless Charging Case - White,$42.00,https://i.ebayimg.com/thumbs/images/g/yysAAOSwqU9k4287/s-l300.jpg
Apple AirPods Pro 2nd Generation with MagSafe Wireless Charging Case - White,$60.00,https://i.ebayimg.com/thumbs/images/g/oAUAAOSwjc5lIcQU/s-l300.jpg
*BEST OFFER* Apple AirPods Pro 2nd Generation with Wireless Charging Case White,$81.31,https://i.ebayimg.com/thumbs/images/g/ZWYAAOSw-E9lFSd1/s-l300.jpg
Apple AirPods Pro 2nd Generation With Magsafe Wireless Charging Case,$84.00,https://i.ebayimg.com/thumbs/images/g/blgAAOSwms5lQ~1n/s-l300.jpg
AirPods Pro 2 (used ).,$99.00,https://i.ebayimg.com/thumbs/images/g/uGYAAOSwJxtlOvl7/s-l300.jpg
Apple AirPods Pro 2nd Generation with MagSafe Wireless Charging Case - White,$90.00,https://i.ebayimg.com/thumbs/images/g/mv0AAOSw65xlQqu2/s-l300.jpg
Apple Airpods Pro 2nd Gen RIGHT Airpod Pro - Original Airpods Pro 2nd Right Side,$68.98,https://i.ebayimg.com/thumbs/images/g/R0oAAOSw7Glj7qda/s-l300.jpg
Apple AirPods Pro (1st Gen) with Wireless Charging Case - White FREE SHIPPING,$50.00,https://i.ebayimg.com/thumbs/images/g/8okAAOSwU3JlDwRp/s-l300.jpg
Apple Airpods Pro LEFT Side Airpod Only - Original Apple Airpods Pro for replace,$49.98,https://i.ebayimg.com/thumbs/images/g/8GEAAOSw1Gli12JK/s-l300.jpg
Apple AirPods Pro 2nd Generation with MagSafe Wireless Charging Case - White,$94.99,https://i.ebayimg.com/thumbs/images/g/RCIAAOSw1PtlODcD/s-l300.jpg
"Apple AirPods Pro Wireless Charging Case A2190, Very Good Condition",$49.99,https://i.ebayimg.com/thumbs/images/g/Ql0AAOSwq~JjM0vQ/s-l300.jpg
Apple AirPods Pro (2nd Generation)With  Wireless Earbuds Charging Case FREE SHIP,$48.00,https://i.ebayimg.com/thumbs/images/g/8pEAAOSwFhVkbWh6/s-l300.jpg
Apple AirPods Pro 1st Generation with  Wireless Charging Case - MWP22AM/A,$41.00,https://i.ebayimg.com/thumbs/images/g/M90AAOSw2kplPSH3/s-l300.jpg
Apple AirPods Pro 1st Gen with Wireless Charging Case-Genuine Apple Airpods Pro,$129.98,https://i.ebayimg.com/thumbs/images/g/jUIAAOSw4UtlMZoz/s-l300.jpg
Apple AirPods Pro 2nd Generation with MagSafe Wireless Charging Case - White,$50.00,https://i.ebayimg.com/thumbs/images/g/xzgAAOSw91tkr6Tf/s-l300.jpg
Apple Airpods Pro 2nd Gen - Select Left or Right Airpods or Charging Case Good,$69.95 to $142.95,https://i.ebayimg.com/thumbs/images/g/UAEAAOSwIXxj9qQW/s-l300.jpg
APPLE AIRPODS PRO 2ND GEN MAGSAFE WIRELESS CHARGING CASE A2700 GENUINE *BP27*,$86.57,https://i.ebayimg.com/thumbs/images/g/tK8AAOSwUN9j5euS/s-l300.jpg
Apple AirPods Pro 2nd Generation with MagSafe Wireless Charging Case - White,$35.00,https://i.ebayimg.com/thumbs/images/g/B-4AAOSwgy5lHy8S/s-l300.jpg
Apple AirPods Pro with MagSafe Charging Case [2nd Gen] (USB-C),$188.63,https://i.ebayimg.com/thumbs/images/g/5OQAAOSw4wFlIeaZ/s-l300.jpg
Apple AirPods Pro Bluetooth Wireless Earbuds  ✅ AUS SELLER ✅,$65.04,https://i.ebayimg.com/thumbs/images/g/oBYAAOSwxedlEQ1T/s-l300.jpg
