title,price,image_url,status,link
Shop on eBay,$20.00,https://ir.ebaystatic.com/rs/v/fxxj3ttftm5ltcqnto1o4baovyl.png,Brand New,https://ebay.com/itm/123456?hash=item28caef0a3a:g:E3kAAOSwlGJiMikD&amdata=enc%3AAQAHAAAAsJoWXGf0hxNZspTmhb8%2FTJCCurAWCHuXJ2Xi3S9cwXL6BX04zSEiVaDMCvsUbApftgXEAHGJU1ZGugZO%2FnW1U7Gb6vgoL%2BmXlqCbLkwoZfF3AUAK8YvJ5B4%2BnhFA7ID4dxpYs4jjExEnN5SR2g1mQe7QtLkmGt%2FZ%2FbH2W62cXPuKbf550ExbnBPO2QJyZTXYCuw5KVkMdFMDuoB4p3FwJKcSPzez5kyQyVjyiIq6PB2q%7Ctkp%3ABlBMULq7kqyXYA
For Airpods Pro ï¼ˆ2nd generationï¼‰Earbuds Earphones with Charging Case,$45.29,https://i.ebayimg.com/thumbs/images/g/8S8AAOSwprBlAm8F/s-l300.jpg,Open Box,https://www.ebay.com/itm/354893250400?hash=item52a1493f60:g:8S8AAOSwprBlAm8F&amdata=enc%3AAQAIAAAA4HYEGqpCU6mbPydaBzAPDXyqyLxny5SsR42KiADP01%2Bu41nhi%2FPl5ZUKEg8gEvCVd0r6mfgTVlc9vNp2R8H4aX7zYuSKA58aoTwy1oSgN0Q0u6I%2FeBTWJeLTEbegth%2BaRRDl94ACAoFsRJ2vFmjeOX6VVbTtCnP0kiY4iJ2gYvgdTPWQQ%2Ba2H5rFHbeSjCy0bwzuJzjsKAYv80fSCTtC7xqF0aB9Ise%2Fk%2BdNQLrZD5BAt5yUDN42Y71mRjixps11qu1BMvGLBpqLMA1ZWk4bsKJsum%2FLvOp6IYO4UHvOWnaA%7Ctkp%3ABFBMyu_E-PJi
For Airpods Pro ï¼ˆ2nd generationï¼‰Earbuds Earphones with Charging Case and Lanyard,$44.63,https://i.ebayimg.com/thumbs/images/g/QqMAAOSwq0JlLi2-/s-l300.jpg,Pre-Owned,https://www.ebay.com/itm/295569376698?hash=item44d14ec5ba:g:QqMAAOSwq0JlLi2-&amdata=enc%3AAQAIAAAA4M0lftm7nye6xxGrGQemN0MEGqkZwR7wQ09xiy3Vjl8IIY8g9GmdXN%2B8eIMu3thI6uf75xyblwseWV0XyBYJS63jWbB32Kw6Ft4FX13Mo1pL2odr%2FH2LDllPkilMOe7ArfoZSVwrHNCKNecdBM7PjuWXVaTNZNb0umD9Aytsjea7PrKaaiKolb%2BMWd1AN9ffSAKoRaImYcJR9e%2BHLRLqOhovRBxr8tXzxcrdhtB0CapWsbhrRMyqyJNpQTZmU%2BghMEwHvJlFtbs5LjHsT7lEnjGwqyK7J1DpuOuwngpiprCe%7Ctkp%3ABFBMyu_E-PJi
AirPods Pro 2nd Generation with MagSafe Wireless Charging Case - White,$89.92,https://i.ebayimg.com/thumbs/images/g/xzgAAOSw91tkr6Tf/s-l300.jpg,Brand New,https://www.ebay.com/itm/394972929628?hash=item5bf6389e5c:g:xzgAAOSw91tkr6Tf&amdata=enc%3AAQAIAAAA4ADYh4vqm1qkDS3ZgRUNi2KgsGUT%2FqDlDvBmbCtzY7K5AvrFynHHmLAWvrJKuoHrc7flassJonT%2FQA6IADhMiv6VEK7TpRh3oj2fbiuQHmKmldHmaasQfrsei%2BwOwjtCEGydDYQbNcM8L%2FmD%2BQSMBtelGYJaSKsN29cf4xAeqQZloFgivRE5gQN9tPOgn8JCJt4p6kmOHD8L8vK%2FqNuNyIm%2FbRvWjncKYBoemX0ZiYE%2BgKAJLF8cT9scGCQdBHtdGllXCCS7UnkzXsm9yXMbeVRdGdNQP9BnFY7LBox3Gik%2F%7Ctkp%3ABFBMyu_E-PJi
AirPods Pro 2nd generation with MagSafe Wireless Charging Case - White,$90.65,https://i.ebayimg.com/thumbs/images/g/HcEAAOSwG~5lPAYU/s-l300.jpg,Brand New,https://www.ebay.com/itm/386233789289?hash=item59ed53eb69:g:HcEAAOSwG~5lPAYU&amdata=enc%3AAQAIAAAA4P%2BtZlf9lt8acWUVSLaP3rMgbGpKg8IelLuU%2FyqQnFirHgT%2BqiVHuY2ktDkkCxZ%2BcoqbCt4UPCuYKx1SwViaSjMHfSrv7ZelA%2BTwTGXwtPKEPGKYXZwT8cGBGUMttL5kcOHSu2804hhnmnd28ng0msEjyk9Yvlfo7W5N09f1fqjtmavrK0ml0MO%2BXm9kH%2BvkCdLIM%2B0yGZ2YyfzMDpCl5GWLwdKit%2FvGDECCO0q%2FPNhHT1lkGOsheRM73m5YdJ6WTDa9DMejemgC%2BH5BN1YZs7D7QISIFAK0pCiyQ3ymeOxQ%7Ctkp%3ABFBMyu_E-PJi
Apple AirPods Pro (2nd Generation) Gen 2 - Excellent,$154.99,https://i.ebayimg.com/thumbs/images/g/ywMAAOSwDLljl75S/s-l300.jpg,Excellent - Refurbished,https://www.ebay.com/itm/165787124485?hash=item2699aec305:g:ywMAAOSwDLljl75S&amdata=enc%3AAQAIAAAAwNeO2w6Pgw%2BNbjnxSPdYhywkFDaRG%2FZc053vUYDLMCTlFZNfDneUAcN1lnosmTR%2BGAZU3%2Fdz49ZJR6BXSj3ookA8bqSGSl7f6qBg3uYEmfm%2B28%2Bqw7MDIXjRfCml7lO5H5w3QiftJybhfkZxho%2BsJUTSrLr8ira%2BVJ7Re%2BktB3oy3Dk3SyqY97en2u5fhU1OS9i60APOUyKiFAuOYVCXBmtDNFyco8%2BClNlEvirPh6Y8DrEn6msT11unZFdR9qnw2w%3D%3D%7Ctkp%3ABk9SR8rvxPjyYg
Apple AirPods Pro 2nd Generation With Magsafe Wireless Charging Case MQD83AM/A,$159.95,https://i.ebayimg.com/thumbs/images/g/fKgAAOSwWuRjZXXl/s-l300.jpg,100% AUTHENTIC WITH SERIAL NUMBER SHIPS OUT IN 24 HOURS,https://www.ebay.com/itm/295317463511?hash=item44c24ae1d7:g:fKgAAOSwWuRjZXXl&amdata=enc%3AAQAIAAAA4CfO%2F7ZKMLLQNEjxJA9e90pyPKvcAUaW28TFK9cWO%2Bnh0u1NroYEyPFWlrEk4cB03OerF8MPTMK0tu3R7V74oRAuzqMw0dCjhT7KnuJ%2BYVj49mCRcHgYCi3EVAo0KDMDULBPy29A6YbEa%2BbY48RTPVUoDj8eLiQ4754yLNr64piTbwTABGZB8iIVfzv4FEMfU67JFWPLPDRPM3LkVj2M5iTr5hdgOxyVy5Q63OiB%2F7UZOjSy9e04b6gwmeHeo4mQMR%2FoafglEmsJ5vY9tIvXf0ixcUr9zfRYl8r%2BjPb%2B0sl3%7Ctkp%3ABk9SR8rvxPjyYg
Apple AirPods Pro (1st Generation) with MagSafe Charging Case,$39.00,https://i.ebayimg.com/thumbs/images/g/7EgAAOSw311lMihL/s-l300.jpg,Pre-Owned,https://www.ebay.com/itm/196056081705?hash=item2da5da6529:g:7EgAAOSw311lMihL&amdata=enc%3AAQAIAAAA4JNqN7dsgiLyJhOWDj5Z4of4gJaVDJNgETO%2FXdJXAgk1Qu2k8elK6BSS8wupK3sCYbnOip4OisvKqYZem6DJi1mvwejqMRl4eSUHzryRmGge4njieA8Y4ySGIwmCZgnHzKQAyETOXecqmdGElUkK7V7jwuRYWsc7Ny5%2FGziW67urOIWPixZLsg2H83nb4zDd68PvvbhmSvuKdRlTcAf8g2KS0fRBNRWZTCUhgVh%2Fxf5EkgbCBHSswRoFrKxeTz7iQ060i0s1Qv3w5g8DByjvrIhGdKSayoYaLiwZWijw1KT3%7Ctkp%3ABk9SR8rvxPjyYg
Apple AirPods Pro (2nd Generation) with MagSafe Wireless Charging Case - White,$154.75,https://i.ebayimg.com/thumbs/images/g/~E0AAOSwL4xjg5lL/s-l300.jpg,100% Authentic APPLE / Ships out in 24 Hrs,https://www.ebay.com/itm/266012284550?hash=item3def915686:g:~E0AAOSwL4xjg5lL&amdata=enc%3AAQAIAAAA4M8PL8aXe%2BcC7kknGp17jR2ztNQynG8zlSyIDXnSWRQIK7u2aY39eiZ%2FuQV0g4Zo7qZ%2BHv%2FQiEcPhhKspTVz6%2BNEQ8AXwIeg3XP2Rw6Oo1PrLQlHW6YEQFGcsoeoj46Juct1%2BFDgiGugyTnjTXhySMdzL4KAu%2B%2BFsd1UZmQP2dT9iUAOZw0Nq%2FyJvUm3FqRYpfD8D1DhzZFOFfNtr71e12eIYTZ3Grl84vozu2G8eg5THSIqy86lfzCqtQRThoO0U7uQr%2FIFglfoKDXttL3BRGIp4NCcdLlvhr94drdLFq00%7Ctkp%3ABk9SR8rvxPjyYg
Apple AirPods Pro 1st Generation Wireless Earbuds Bluetooth Charging Case,$55.00,https://i.ebayimg.com/thumbs/images/g/HYwAAOSwd2dk6sT7/s-l300.jpg,Open Box,https://www.ebay.com/itm/145265527830?hash=item21d2800c16:g:HYwAAOSwd2dk6sT7&amdata=enc%3AAQAIAAAA4I0UmlDTMvYNQ1WIkKvpeN49RJ09rmj7zJhVZIxi%2BPRsnDfI61w0nnWxoTyTgylNknTtozD7M9OCWAK3jReoVlKKC1UfOxl41SIC3qL6muU8VtdvnoNCjfQZwph6FUjixXiiyjKrT2vxnGHJkER%2BZcwgd5io7PpOTgMgS6sT0Ch6bgARQ8XhrBM%2FE0TLsbXdfpK6BA7FApv16GxHRicbTF%2BvkDVY5xKuwadjuAzzi0sQmZ7pBZ8hm0PvF7Lljbq5o6L6rSgc1Dyj1acE9jXy4U5hqHay3Ce0Ca3tLZadDUEX%7Ctkp%3ABk9SR8rvxPjyYg
Apple AirPods Pro 2nd Generation with MagSafe Wireless Charging Case - Lightning,$75.00,https://i.ebayimg.com/thumbs/images/g/smkAAOSwnBllOF5S/s-l300.jpg,Pre-Owned,https://www.ebay.com/itm/266471575143?epid=25056255340&hash=item3e0af18e67:g:smkAAOSwnBllOF5S&amdata=enc%3AAQAIAAAAwOIaYmKm4y8dMSg0YZjiN28bw2rCuU87gTw0IoHQxEf7xH%2BPFn8LEisK05lkvhDLrVuB04Cm28KUcr1U0S9hkl%2BkjXYMg0ylkWPSCi18mRq111Taxy6seyRE4PwDtmL2U9Aa6mGt%2Br4%2BO%2FbaeyRSn2Uy5JlpX7FWoQ1Qxj5E2nuJEkoYSKcVaH41HI7G1wjZnlUmKUlLGoX0PdRyRt8uIxksqJslzxgT7j8CYqGsPxqE1rRV4B3NnBIdqof6jpJG%2BQ%3D%3D%7Ctkp%3ABk9SR8rvxPjyYg
Apple Airpods Pro 2nd Generation Wireless Charging Case,$72.95,https://i.ebayimg.com/thumbs/images/g/zF8AAOSwlhtj7A79/s-l300.jpg,Open Box,https://www.ebay.com/itm/115707702246?epid=25056255340&hash=item1af0b76be6:g:zF8AAOSwlhtj7A79&amdata=enc%3AAQAIAAAAwEaO6GHGBULE3A21PT1%2BEq3qiQM9Cj2OU8pKq97IAtTowPiHpsw0QeKJF%2BT9b0yhdD3cHDk9I4EX0rWNd%2FrjLfGXy%2FGqShXPllYkj5Xs8Cr4TsZLVF04QCMpQyMAv5S09ZZiQbUSX9HlKsRy5cyvuy31%2BXi5br72B7EtOgXPrwES6XI0UmXkJ%2FiMBCWqhCXJUkJ2it%2FLn%2F1KfeoasXc7maVBzSjy70u5kyIkXTSsbu8b45EBnBsp9559HSPX7pvf9Q%3D%3D%7Ctkp%3ABk9SR8zvxPjyYg
Genuine Original Apple AirPods Pro Replacement Wireless Charging Case ONLY A2190,$60.86,https://i.ebayimg.com/thumbs/images/g/aEQAAOSwmPRk0RFy/s-l300.jpg,Pre-Owned,https://www.ebay.com/itm/235246012483?hash=item36c5c14843:g:aEQAAOSwmPRk0RFy&amdata=enc%3AAQAIAAAA4P4mv6QtErRJYyf8T5im%2BcDpFTwjw7Als3G78pzMWTTE%2BYv7nn6MHvm3F%2BMFp2vBJWQbXJ49x148EjVECc4WuwDqj1n3cizJAtDSZl8Iv7x7v5k2JtSn%2BWp3zwLSnQ55oAyJVwpWUrj8goGN2qBXJQ8mWWbfz2187E77XRPuBvjlKGk%2Fs7dlefToYqzTGnTJ2XRvFi9H7dU%2F9dHgNGCObxUZNQNS5oRZLxfK%2BYzsCiUvhFcwAY9IHiqqow%2BI4zfwDHeisik08GUjlI3qLChvkw2a%2BHws12gKQzC0VTk%2B2u4N%7Ctkp%3ABk9SR8zvxPjyYg
"New Listing
              


              Apple AirPods Pro 2nd Generation With Magsafe Wireless Charging Case MQD83AM/A",$145.99,https://i.ebayimg.com/thumbs/images/g/ndEAAOSwIpJlRTfN/s-l300.jpg,Brand New,https://www.ebay.com/itm/235282176840?hash=item36c7e91b48:g:ndEAAOSwIpJlRTfN&amdata=enc%3AAQAIAAAAwCsyCG4BIxSRjEqoCIdi8vJ%2Fz2uwlaBqHPzKIoLxavqJ0LjZNkLGTziF%2FJJj721xSEprEOtsGWpn0oTvCCDjoPC%2Fb2bQc7Mh8p1S1L4kpSfIgvc%2FcCS78jzlLHlsA2fQeoPdiDqQyopKYT%2BTUbCJHMBEdWC8ixYI96pTkqTkUlWLAwD8UXiBJU2KL9Nuo3f1dS%2BOHgmxCZ6MMOCS2NiKwUGjActhq6mhP6rh12BwDj3XsmUiKyMfpY7EWASdZS1aaQ%3D%3D%7Ctkp%3ABk9SR8zvxPjyYg
"New Listing
              


              Apple AirPods Pro 2nd Generation with MagSafe Wireless Charging Case",$120.00,https://i.ebayimg.com/thumbs/images/g/L78AAOSwWcZlRSaB/s-l300.jpg,Brand New,https://www.ebay.com/itm/186149170817?hash=item2b575aee81:g:L78AAOSwWcZlRSaB&amdata=enc%3AAQAIAAAA4A1eJgTR%2FlNB1gFHNjCujTTNUcghu2eMSbUWATkwwGh4ry2y3BykV9VZkU31he5L4Yq094A1uUuZ3bsbWn40rFgRz3QuFTaOuDl3Z2OC5J1ajzo0FZFpy260r7CuMx%2FM3aSL9rlcEDQ8O0TCkt%2B4xUGPBvevBK%2FJYNFFdZsJE6pcWgJHtaG9tiRs%2BqAE9XBupQm6Um2sVqwDsshdhAm86YkV563jJZiUnevi94u8l4zpgEiLEEEUFXi3s4mqsJFicUTvNfpMhtPEztNSk299QVS%2Bjbkp%2F8kpXPw551yLW79c%7Ctkp%3ABFBMzO_E-PJi
Airpods Pro 2nd Generation Bluetooth Earbuds Earphone Headset & Charging Case,$62.99,https://i.ebayimg.com/thumbs/images/g/QY0AAOSwiMBlAWKL/s-l300.jpg,New (Other),https://www.ebay.com/itm/404489040493?hash=item5e2d6cf26d:g:QY0AAOSwiMBlAWKL&amdata=enc%3AAQAIAAAA4FsU7FAdnHEXH3fZ%2FRKUxJ1JIl7yNfpsfJKIuIIfOM%2FHFKbwZD1itkmoljb6OnWSaNsPbhhIYzPTep2h1rw8TJ1%2FVTiMvAhSS1G9An9mDwHva8IEqH7b0o5KFHERNv75sDlJQxkxHT77hAZ0m3n8oAlB1BhTlVEDFiYq6Z734DoGiUT6oMDWGt9ZKNVpWXpMeABkNokXf%2B0NgMoBqs%2BXcbc2vM5%2BXy8VpcgE5qxpeW9geG%2BaHNFtTWfy7U61H6t%2BaS2T3NaR003LznrUdCyNG8mdZKIqoem0TRWwarEp3OgT%7Ctkp%3ABFBMzO_E-PJi
Apple AirPods Pro with MagSafe Charging Case [2nd Gen] (USB-C),$186.22,https://i.ebayimg.com/thumbs/images/g/5OQAAOSw4wFlIeaZ/s-l300.jpg,Brand New,https://www.ebay.com/itm/175920877825?epid=10063381484&hash=item28f5b39101:g:5OQAAOSw4wFlIeaZ&amdata=enc%3AAQAIAAAA4EUV2FuLojwGrqEJpeK88bInywTu3A2gzEtm8d6JvwtXmk7MoRYWP4dtff%2Fdq0YGkJGudZ06XYLzMrwezmtg9CFnOumlX832PUF%2FC1hGHIiMaIjG05ElomkNYiKyGsDAzzMly%2FnWXTVVgVJhwgFwXvDxv8VX7dzbwq%2BCBErJuoB222pzjrLemudRZzKQGuSjpLgd9j0PhYplIejMie3ZZU3P6Q7Lg8VaMk1JWSuVYQBp%2By0ly9oY06EtHBFyYdwEbzEV9LQWDlHnFmm%2FNEqgv0dGuYagk7M5v2NGEM3fBueX%7Ctkp%3ABFBMzO_E-PJi
Apple AirPods Pro with MagSafe Wireless Charging Case - White,$40.00,https://i.ebayimg.com/thumbs/images/g/AYQAAOSwKM1lG102/s-l300.jpg,Pre-Owned,https://www.ebay.com/itm/126167076323?hash=item1d6024cde3:g:AYQAAOSwKM1lG102&amdata=enc%3AAQAIAAAAwMRJ7Q5MWDSS6hkPiQxVCOvXiCtfmz2h2kcwhqjadqYvklgOJ9ezPmyqkmO9cPvsaCGSCpsFGnhOBY1uKgUypTGpBiuq32owOaD8Q%2F5XeLPdsMSVyiyhPtz%2BvrQk%2Bk3RNej7WJYSsm7ioDsP7Ece%2FB61kBzVn0hGjv4HayIdxVLlc1gXwY04VpHYOBPP8KQBEAYD7W%2BLPFb5pC8pxmmMEYQ4Lc3Qq7avrTJyiHb7EriTgi5LbNwTGro%2FrNYs6NjfYg%3D%3D%7Ctkp%3ABk9SR8zvxPjyYg
Apple Airpods Pro 1st Gen LEFT Side Airpod Only - Original Apple Airpods Pro 1st,$47.99,https://i.ebayimg.com/thumbs/images/g/sRUAAOSw82VfCOqL/s-l300.jpg,Pre-Owned,https://www.ebay.com/itm/114297836968?hash=item1a9cae95a8:g:sRUAAOSw82VfCOqL&amdata=enc%3AAQAIAAAA4CB%2BWolF3oOOtvLqXIDB7r0J%2BKlaGPrjFjdvfMfjBYG4RpZyy2MskHKeyrII5hU8ZRlv3bCpYu3hVUmqRFKHLOnaLks0lz4e8iDdTG1UBZ4ctnPPWSAo0FcTR3Pp553RYPb7P9tWR4TBZDZMEvKvZimV20Gc8LDpAK7%2FsW%2FyKO9yA6NWNR40Gz1GsCgyS7Q8QlNkRvfQlkJqTc49qpY8Eh2wyBdgpLEcjr7LEJpD%2Busw1Rd7Y4g2D%2B6j8eRSfRGbW7HJPtd9WDPyKdao0x2NE61YhewfASzrDu0MXGWF1L%2FU%7Ctkp%3ABk9SR8zvxPjyYg
*BEST OFFER* Apple AirPods Pro 2nd Generation with Wireless Charging Case White,$64.22,https://i.ebayimg.com/thumbs/images/g/5kIAAOSwQwJlI92D/s-l300.jpg,Brand New,https://www.ebay.com/itm/386237773927?epid=16056260933&hash=item59ed90b867:g:5kIAAOSwQwJlI92D&amdata=enc%3AAQAIAAAA4HR%2B72GVAiQsDisqwzT0msDgx6oMxEl7vnn1i2ruMhFPi9vUl9gnNLSikCYI92cdfdw4nKcbLLv8Eb76jiunUjQ5nP2XYCUGw6QHW%2BK6JpKu9NP27muq20zyeyui1gz07KoSJqHCm%2FA%2BI3SEc0wM4tzR%2FfkNVUA7yKng8RUttrG8Z2CIWYx0uZa5aB8WByAVBaJi5NNUadUnZw3vbTg3OTt%2BY4U%2FdQlsHNUErTm8ZbzWz%2ByyNQ4dWF7v%2Bh6v%2Ba1urZPciEpvIiVNguPZ41QMBCggmef8xwDexo1H1kFsnukC%7Ctkp%3ABk9SR8zvxPjyYg
"New Listing
              


              Apple AirPods Pro 2nd Generation with MagSafe Wireless Charging Case - No Cable",$99.95,https://i.ebayimg.com/thumbs/images/g/tEgAAOSwK6RlRVHL/s-l300.jpg,Pre-Owned,https://www.ebay.com/itm/134793558220?hash=item1f625278cc:g:tEgAAOSwK6RlRVHL&amdata=enc%3AAQAIAAAA4DeyXciGdmW6mFcNYmyDSu7duJrH3hwI4KTJ8yVPeB9rw5yP%2BL7uUr6h43CpRUpVhurpGQCKKMVOVL9C2nzUzyvtksKVwTU0XvL3Gs%2BGNlNW6fEl14fiS31MYcLEPWvBhaAHzrdwRhJ9cVf2Jn2SmIkU7cySLs%2FBKKuD1WxKmWEcB1QnwEEiqWBSEiadNN6Bd1FWVif2lJlIilJN5S%2BYGMlPePfDLVnTEN0%2B9kVo1RIkk%2BdsvTBS254eA84NtPo920yGcL%2FaKyspZZr4zWzf84zi1Re%2Fq8yOyTS6JfGKSwOb%7Ctkp%3ABk9SR8zvxPjyYg
Genuine Apple AirPods Pro RIGHT Side A2083 - Replacement RIGHT SIDE EARBUD 1st,$59.99,https://i.ebayimg.com/thumbs/images/g/1ecAAOSw0x1jcwnU/s-l300.jpg,Open Box,https://www.ebay.com/itm/275357627880?hash=item401c97f5e8:g:1ecAAOSw0x1jcwnU&amdata=enc%3AAQAIAAAAwA5Ec2JykYUPWHJz1ZEVNO%2FtR6dBED12KUgZIVq97mPl3IhLrgwErQ2Z%2FlQluGDBsPOOVVvG0vXIoVyGRn6mNol%2FbrXbSC9cceJkVesi8xC%2Bif%2F3QA4%2BcD6T071l3QR1f96%2BCdGnlE7isSnLbSgflIGDky%2F%2FKUDSlBte%2Fv8xJi%2BlPfg6kK9Z%2BkwNzfTSf4tyrUh5tY%2BdEaPpJegZ6z8Lh%2BbeOg8DFTXtm7aGnyr%2F2OmIbJJfJBwtUk2tWDlh8BXfeA%3D%3D%7Ctkp%3ABk9SR8zvxPjyYg
Apple Airpods Pro with Magsafe Charging Case - A2083 A2190 MLWK3AM/A. Excellent,$134.99,https://i.ebayimg.com/thumbs/images/g/tYIAAOSwRxZhTgXt/s-l300.jpg,Excellent - Refurbished,https://www.ebay.com/itm/166343779774?hash=item26badca5be:g:tYIAAOSwRxZhTgXt&amdata=enc%3AAQAIAAAAwBIoFYfQ9i9jgpETZSr2rdN%2B8Yb2aTIBh3bpIdprKmh%2FZe4Xud7%2BVgIe%2Bgza6AYfOIHn%2FGaF5JFOgdRjxjgUQ314zKvQW9f%2BQmDh3hdrd8mV%2FN%2BCK7z6fqpDwfJoU7aFgMjebFWjJnUGLOR6cdGjLnyXMG0OeLRdBcqvmDb3AK%2F8cbMd6QeeDDaK2j7C60jX7lRTkrL6hmjyLynM3QVtSmOsjtTVBM%2F2OZuWXz0d98oaJVjOA26bzUfc5cz93jPPvg%3D%3D%7Ctkp%3ABk9SR8zvxPjyYg
Apple AirPods Pro with MagSafe Wireless Charging Case - White,$36.00,https://i.ebayimg.com/thumbs/images/g/P2AAAOSweV9lPWNd/s-l300.jpg,Pre-Owned,https://www.ebay.com/itm/314919289517?epid=21050834847&hash=item4952a702ad:g:P2AAAOSweV9lPWNd&amdata=enc%3AAQAIAAAA4L5P92D1gWGzdQK2yac%2BQnqB5kLit3zBdPsfxoCN%2FmWnvndXwm8qGjgXfOQiICAVf2dy4D7CvAqyDuCyjR3yHELBq0Sepe4o7RL2%2BrKi7rcOVSWZR8JJ4ga5hIW7JG7u77K%2Fb2Fgebthzd5HXvqK315Mbwczxrj0rcVPKjFPyLsHz8D1YpLL1WzQb%2FKMgtu7xeylS4zV42%2FwyT8amg9XZtZUjsDNVlg%2BdO6Q1rgKYX6ChJCGe8foupCk5dd4axzlWPapOw52Ge%2BiFBjuQqo26rdDkaFiGX3JOZTNfA2Q8wro%7Ctkp%3ABk9SR8zvxPjyYg
"Apple AirPods Pro (2nd Gen) with MagSafe Charging Case USB-C, MTJV3AM/A",$26.00,https://i.ebayimg.com/thumbs/images/g/mE8AAOSwdbVlQ4tx/s-l300.jpg,Brand New,https://www.ebay.com/itm/285541761449?hash=item427b9d81a9:g:mE8AAOSwdbVlQ4tx&amdata=enc%3AAQAIAAAAwJ%2BcPTrDjg5B2BASr%2FBMlz55UlDUSJxhm41Z7kF63s02ghd0USoEnSTarBBrKKlncRWKLOxWFA1rR%2FEebzLPNTuSZvNpGS5Wt6n4qTNqX9m5ovMnV3jBpxz0kjmwz9NThnC9yjcJkAE%2BaRe9eFQhQZ8XBFKkIWW0hyOTt6eMsX%2FEDXxYMthrxxWsgZMHFRECDoxQDuZlXvV2sdLXMZR5ygSUfriaRiwfYk%2B2R1ub24SkbM%2BDj%2FYH%2BPqiBJgxO4hxaw%3D%3D%7Ctkp%3ABk9SR8zvxPjyYg
"New Listing
              


              Apple AirPods Pro 2nd Generation with MagSafe Wireless Charging Case - White",$64.22,https://i.ebayimg.com/thumbs/images/g/vf0AAOSw8~plMaRc/s-l300.jpg,Brand New,https://www.ebay.com/itm/314931730697?hash=item495364d909:g:vf0AAOSw8~plMaRc&amdata=enc%3AAQAIAAAAwC6nCL2xsO2KpJvwIklP%2FTPTtcaxtC375rE4HrSU4PrhfARlTZ7Ezqo4x%2FCetH0MVQYUI4Ay2RLG3VR6nDB9ODUSYcOiFmiuvdtT6pEjNwFjyzXyMswa1xewn9%2FQLSZ%2B0s8ajPj%2FvFUEh156ydICs8yJz9AbsB8KrHv7Fw4DZjpU4bAVUptxTdtfuFykhj7rojd6ILyRxQqsXJtqKisI7MWibxjJi%2FonJsebYYBc0aJ32RMALvWCjYr3HFXoiPeivQ%3D%3D%7Ctkp%3ABk9SR8zvxPjyYg
Apple Airpods Pro 2nd Generation - Good,$159.99,https://i.ebayimg.com/thumbs/images/g/e2sAAOSwmq5j7lHf/s-l300.jpg,FREE FEDEX 2 DAY - 1 YEAR ALLSTATE WARRANTY - CELLFEEE,https://www.ebay.com/itm/255981909149?hash=item3b99b5f49d:g:e2sAAOSwmq5j7lHf&amdata=enc%3AAQAIAAAAwOwk6N1bZWRN%2BWnXYq%2BiHTSwJRPMIApsnco5qM7uASMmNZKEQeICtgeHoafMoi0GVpDoo50lcqdkZPzQth%2FUOJQrrhPOYtmnAriNSGkxqaft5V%2Bsmfu1CV6tzSNnk%2FHNEofPm82Npg%2BBvXCxwr1QOu%2Fc5A2BVDuNotbo8o2TlGCywFGzSg2QoQZvXD5mbCiWc%2FNqjt%2ButllX20KIK%2F32ZbvWQpmcPwaihEivlL66Zn%2F9L3wpOA%2FEsE4XZGdaLYXtJQ%3D%3D%7Ctkp%3ABk9SR8zvxPjyYg
Genuine Apple Airpods Pro Replacment - Right or Left Side,"$17.99
              


               to
              


              $59.99",https://i.ebayimg.com/thumbs/images/g/A5QAAOSwjnhgEavh/s-l300.jpg,Open Box,https://www.ebay.com/itm/353235527219?hash=item523e7a6633:g:A5QAAOSwjnhgEavh&amdata=enc%3AAQAIAAAAwAHtyWBp62sFWxQwhpfB79hodKuQXLxGequL8kj3TzmdDAYgcxQm%2FsioRNN3L06f6Do4Zop7hssQDA6BY53V0ualo1AX7WKdWfJnswe9UAIZHhdY7kQG46PZqRd0MMCfxhOKTMWzlpgC6cmXo55%2BMQ3TzP3iLVcFX%2B27QB%2F5JZHJ31VtwHXlUec%2FQ9kxqrv0IEbMDLN%2FvdArq2Yxsm2D8uHd1%2BUcfMK5FPOhD9ayUEuv9mdZtj4q3uc%2F4rKZuGqOfw%3D%3D%7Ctkp%3ABk9SR8zvxPjyYg
Apple AirPods Pro with Wireless Charging Case - White,$19.50,https://i.ebayimg.com/thumbs/images/g/ZdgAAOSwxaJlPJ4M/s-l300.jpg,Pre-Owned,https://www.ebay.com/itm/235273222349?epid=10034976643&hash=item36c76078cd:g:ZdgAAOSwxaJlPJ4M&amdata=enc%3AAQAIAAAAwJdNaP0%2FY0wgjVEY2efc1kL0NePV4FwMpJP2wpTu19LgRuq5f%2B5juyiFg%2Fq2SWjgSyO0KRQcmau1KwIUP7YXnjJMNBRCZPS0OIp8oLyGxsJBhNtcmPT%2BVIDZweaU0oxDWSwvzBXtMjy%2BQBp2wUTgKB%2BAE3taFH3lpaw0y5j4bVM7NceTA47kHClgyWP0AfSgEfwWhBun%2Bfm%2FgC5FTMEt%2BhrKavKXN6OvaVSbkRu8CcbFghtKL%2BUpFUb0G5M2H4AQYA%3D%3D%7Ctkp%3ABk9SR87vxPjyYg
APPLE AIRPODS PRO WITH WIRELESS CHARGING CASE AND EARBUDS,$69.00,https://i.ebayimg.com/thumbs/images/g/rOAAAOSwCCJlNaJV/s-l300.jpg,Pre-Owned,https://www.ebay.com/itm/225831171837?hash=item34949636fd:g:rOAAAOSwCCJlNaJV&amdata=enc%3AAQAIAAAA4NcOQYR1f6d8UVc35QtywCNEjNMT3uaAtWcwhVmvtbNv2rGIJ7fF10y0H0CoMuZAFHFATJd7JKy80TpyfSv4vlro1QJljiybuif7iwE8hI3J3PV8h2bsGAulFd4Si68U%2Bhg2rG5cb6UDyolG%2BD8Zi5RKDmMv3uwaV01AQ4wb%2FLKbyRi0142k6H8xi0JCqw%2BuAkP2MXSXmFB2fvx4oNsDmbuvc95LXvWuSsuD23qiK7kbLTaqVNGK21tbNLfDadTwaqKld64IcZYXnb%2Bje%2BbbxgAG3xIcRn%2Fv0cmNNTKk0CiX%7Ctkp%3ABFBMzu_E-PJi
GENUINE Apple AirPods Pro with MagSafe Wireless Charging Case - AUSSIE RESELLER,$159.90,https://i.ebayimg.com/thumbs/images/g/onQAAOSwz7NlOEae/s-l300.jpg,Brand New,https://www.ebay.com/itm/126152972771?epid=7050835696&hash=item1d5f4d99e3:g:onQAAOSwz7NlOEae&amdata=enc%3AAQAIAAAA4PhO4mmOaMYV%2BnPciHBBTTi5CiErvCuUEyfUo9N6OkO%2FdR9NRNfpHPhhwErshRo2VjnjJsNFGwlNdYiDD0trywAZNu0Zr0FkStJvSumvYoartHA0h9RgqiqrRJMCetGbPjf7rl%2BqfrYPXTRG140MiSRiNb8xbpDhYPCmaXI%2BxcLohqw7725h%2FKxVCsMklQv7mJ8gJpitb%2BIqfe7bM8TuFMFln8uphZfDubOQEcRLn1Iw%2FBw9OFgjtgnJhPaYvZQVoJkChN7LQtgtqd%2FUJOOBXXYg11vsiQPSq%2Fkiq9OOewpR%7Ctkp%3ABFBMzu_E-PJi
Apple AirPods Pro Bluetooth Wireless Earbuds  âœ… AUS SELLER âœ…,$64.21,https://i.ebayimg.com/thumbs/images/g/oBYAAOSwxedlEQ1T/s-l300.jpg,New (Other),https://www.ebay.com/itm/404512580619?hash=item5e2ed4240b:g:oBYAAOSwxedlEQ1T&amdata=enc%3AAQAIAAAA4Np0fhhLyPCmEmxCAPMOsMW%2Fikr1gwdopl9ConxTA3mhG47ge3OJIhGajWRKRLM%2Bck5Z1phWctPvGIZOMMZ0nru%2BUw73xClcjd3EhkS2a1QKEWl55vzyrjr0mhpSpTJvSKc7o8%2FVZGxNJE52ipa2K%2FPK47dA5r0llXLDeOiu6OeC8pZDK7VA%2BmpJCFWNe%2FV50Jn8s2qCyZLN3%2B3bsa8GFxK%2B%2FHBtjE33wOr1qtOGXj3QR5HKXUdLhtUNcstmNPWZ%2Fs1expMHxzPio69tNg94fnL63DP%2BNP98BRAXTT8I6Y%2Bu%7Ctkp%3ABFBMzu_E-PJi
"New Listing
              


              AirPods Pro 2nd Generation With MagSafe Charging Case",$99.99,https://i.ebayimg.com/thumbs/images/g/58UAAOSw1ydlCSPs/s-l300.jpg,Brand New,https://www.ebay.com/itm/285543918299?hash=item427bbe6adb:g:58UAAOSw1ydlCSPs&amdata=enc%3AAQAIAAAA4Ja%2BkBWJJibILVj6mNZQzkLPQ01hMj%2B%2BHBsTVbfYw0QEXzBMHOarHBk%2Fz%2FyqvLGcif%2BTQF70elxv3Q%2F24zYWmBfACbBBobwaPFTu8n31Cy0%2FRtynzALUhdU%2FchFeHdwBubnUvC0aNNqSpXbhU8uHov36XR1vQ9J5tyHZE7uSFpV1JywJDcfnyWRH7LP9EJJ9f9cFYCWA8wS9BLgc8h%2B03NExUZ112e0UFtzIztrsPo5LTkkgv%2BAX26N0oQ3i%2Fh5OS5FWT%2FnhyrmKFG2mjist4IqMlRA4IwvbAMuu9HgdJIPQ%7Ctkp%3ABFBMzu_E-PJi
Apple AirPods Pro 2nd Gen Left Airpod Only Genuine Apple Airpods Pro Gen 2 Good,$69.95,https://i.ebayimg.com/thumbs/images/g/mOgAAOSw7Qpj6rHl/s-l300.jpg,Good - Refurbished,https://www.ebay.com/itm/125772587610?hash=item1d48a1625a:g:mOgAAOSw7Qpj6rHl&amdata=enc%3AAQAIAAAAwLG9Ts2PI%2FUj82qtwqgz37vi2kh3oglZsCEYUlRV6FSlDtrUrtgBnW8UZdubuLfxmRSYUrqFuZSLAaT2FTH%2Bad6ekJXf4cmtWvSJfuufXZN3NrV7a1CPH1PrSxtCKLFtFtKk3aaqsJQXkHWvj%2BcFfEjtsqD7LHByURDaoo4Smtqltlx822moGTSKYejMfEQ8r8uRP9QGDa2pVY1QDmOJ%2FcqWVk2Lt1SdgUoi576QpiRMVZO69L5j%2Bt%2BN7SpVxXm%2BQw%3D%3D%7Ctkp%3ABk9SR87vxPjyYg
Apple AirPods Pro,$16.50,https://i.ebayimg.com/thumbs/images/g/zIMAAOSwAmZlPZAm/s-l300.jpg,Pre-Owned,https://www.ebay.com/itm/145398634642?hash=item21da6f1892:g:zIMAAOSwAmZlPZAm&amdata=enc%3AAQAIAAAA4H2ErMqaaYIx%2FhJsh8DuodDBcewU%2BW7Oe5K6CirpMsB8E0Q8DK8H%2BN13duYc3yJkCMKBax9fMQ90NoSOdWCjRRAXkrWooyYe1d4A4%2FA12%2F933EtfkHmrKkPqNoMvZNF2%2F3Xjw08LrK1UsATy8zAH2gZrxqgDE%2B71pY196PE9k82tkistZ5rEz%2FVF8h%2FJZYgFvJcwz90SNjkjv3rMLVEIERwYG%2FUcwteo7uVg39n7%2B1ZU4gscyV3R2HDt3GrvK%2F7uuyJY7pX4JGTpelOa6kiEieiAgioC3sa3lHtlGu%2B%2BJRWn%7Ctkp%3ABk9SR87vxPjyYg
Apple AirPods PRO Wireless Headset White MWP22AM/A - Very Good,$116.99,https://i.ebayimg.com/thumbs/images/g/rs0AAOSww41e35F7/s-l300.jpg,FREE FEDEX 2 DAY - 1 YEAR ALLSTATE WARRANTY - CELLFEEE,https://www.ebay.com/itm/254621035168?hash=item3b4898aaa0:g:rs0AAOSww41e35F7&amdata=enc%3AAQAIAAAAwPmgNLma8b5qpGKvuNfzA9E2ve3MhAk1DAKHWsT3ovmyMkPVSDtVhw4ZD7cV%2F2trxr%2Bud%2B62dYaZFFxjBF8W9QRanp2MV38AARtjBw3iwlCI2DP4zndQmx%2FZursmYlt3L82dbB1IuoKhf96P%2FRfZ1%2FQAV%2BVIV%2FINEjz%2BOz3TuZVbbwh6zshSQIeSee20QSABTrgrFDV8lPUa6ljoboORiskvmrKXoo%2FrarCh0yeIj1PRjBoGdKmSuvJUAkpmEvlFAQ%3D%3D%7Ctkp%3ABk9SR87vxPjyYg
"New Listing
              


              Apple AirPods Pro 2nd Generation With Magsafe Wireless Charging Case",$84.00,https://i.ebayimg.com/thumbs/images/g/blgAAOSwms5lQ~1n/s-l300.jpg,Open Box,https://www.ebay.com/itm/404593881736?hash=item5e33acb288:g:blgAAOSwms5lQ~1n&amdata=enc%3AAQAIAAAA4MFdVfhZu0SKZrSBANJV5UQ61i%2BaHNefrW%2BnKA7rUrMqQ%2FxPCqDBA2ma9%2FdpARnzwhXl5NOLr1tQCsD2Cinisod2884nW6LRr%2FJjd4UbDKUGW%2BE3e29NyClervpajSdwLrkiK71rY4DBHx1JW8oFKxp4mI3NZXKgOslSzbYAmeXOKX4Tcx2uqStelSuxNG7X0EhLH1f%2F5x3wOgd4n7S1yh5btlaSg%2F58xiD66toBtNhkfWzRcaH%2BilTbU3DBGYzS26ocZnRUhx6CQC%2BW0OfPA2Q16Q36SrQZm7WkePmtyNSj%7Ctkp%3ABk9SR87vxPjyYg
Apple AirPods Pro 2nd Generation with MagSafe Wireless Charging Case - White,$60.00,https://i.ebayimg.com/thumbs/images/g/oAUAAOSwjc5lIcQU/s-l300.jpg,Pre-Owned,https://www.ebay.com/itm/386233440334?epid=0&hash=item59ed4e984e:g:oAUAAOSwjc5lIcQU&amdata=enc%3AAQAIAAAAwPcNadjgICRkMSdNWtlm9tfnd0hTe352lbnLPyijT8mrDzheq%2FsPuKx%2FcPRdmaez6AyBMKahcbEVg4z2NYoayvixMrmd%2F3xwUitxtz5NpwXWMOIB5NXenQiunHPgbzjFsjDSlDg8MglUpG17qt15V0bUQlgTr4IGjWCliCcCaKG2z2bWI3Hz3JH8BnpVihHVd0T4fBRi9qWLSte2ZgoXfoB3QFZynGAXvEN6TNXkPLUA6bvvoB%2B74gH%2Bbov3N%2B4A%2Bg%3D%3D%7Ctkp%3ABk9SR87vxPjyYg
For Airpods Pro 2nd generation Earbuds Earphones with Charging Case Bluetooth,$41.99,https://i.ebayimg.com/thumbs/images/g/mtcAAOSw0gtlQXYr/s-l300.jpg,Open Box,https://www.ebay.com/itm/285539680552?hash=item427b7dc128:g:mtcAAOSw0gtlQXYr&amdata=enc%3AAQAIAAAA4DGadRe1CAOj7nt2ZeF5WhwijuQZkIpteZo4Ji3xOQ7kfV6s%2B06Yg2ghpDGY40%2FU6a09MKh6EMXIFT0sFsd%2FWYLFEBr9s%2BDXGnn1OWZePcS0eCYlq8TFMK5YSDbClQSIZJYCY5aTtU6SkXOuDi%2Fbo0PjQnqb0KAn1%2BFmjjP5hSV1ibjlLftu1LZbmTBRTQk7n4ykLvYjBUzpFNrBJCppmoOrW2clJTwdg7iagn0jw2hrrH3ocwENbpJ%2FHk%2BxWeCFAIFdmqM6snxncJ1j%2FAQKwMb%2Fgxmyn3IkGZVGxcZD0cG8%7Ctkp%3ABk9SR87vxPjyYg
NEW Apple AirPods Pro 2nd Generation with MagSafe Wireless Charging Case - White,$112.38,https://i.ebayimg.com/thumbs/images/g/ZToAAOSwNsNlNgub/s-l300.jpg,Brand New,https://www.ebay.com/itm/394952864940?hash=item5bf50674ac:g:ZToAAOSwNsNlNgub&amdata=enc%3AAQAIAAAA4FdjbydjFP74%2F91Lw6nt%2BRytHqONlfNYjYwXpXwhRPoeizhoNeuvfgmbG28W7kRvovK3mUgbrE%2B41fWODyfe3t%2FY%2FalAnCC8aFgGV2ZnPmfDT8m%2BZbhdHGuzvim2AvmXPGADICMWbrEDe0klAW61BGVVfcyDRnvTMSac53Uxp6q8ygGQxxo%2FCas7E4yRZb4atDzy3v1VwNxsaLqEof2pfY%2F89e8SVTIUElFSeZmqVAaYTaYVPpp%2Fa%2Bpwmcet1yFmbPi7xcoe5%2F%2F%2FpnU3wiDlRWYp%2BtikPRsNfss4YHwGKfAW%7Ctkp%3ABFBMzu_E-PJi
Apple AirPods Proâ€™s First Generation with MagSafe Wireless Charging Case - White,$100.00,https://i.ebayimg.com/thumbs/images/g/pTEAAOSwnNhlK~Gm/s-l300.jpg,Brand New,https://www.ebay.com/itm/155821831092?hash=item2447b473b4:g:pTEAAOSwnNhlK~Gm&amdata=enc%3AAQAIAAAA4As2NxrQPXGHJl34hv%2FrZRkrGed49NX7P3gQCQspn8D4WAKpxleWWdZSFo9ntMRKf5XWYSHqFR0prJO7zO3PqzepCSwyp4kGSpYTCDb0%2FyJCt86bFt37rEjFGNBBZg1dYk2w%2BtADB6ujbNw%2FtVDLF1wNETrebpdqDtLTG577gKCOJj6OL6veHhBzkxZ2mSg1NLHbFrgVUu4vOJpDnB8ECKUGM9IUed2c1KjiT%2F6vlVF%2BAvFJk7eoh7SqV3h0%2FZEv%2BrSdcpglDcE8kjeVsfj2igJAGer2PcIx03bKw14PULZn%7Ctkp%3ABFBMzu_E-PJi
Apple AirPods Pro 2nd Generation with MagSafe Wireless Charging Case - White,$54.00,https://i.ebayimg.com/thumbs/images/g/Q5AAAOSw4a1lP5uo/s-l300.jpg,Pre-Owned,https://www.ebay.com/itm/386240303964?hash=item59edb7535c:g:Q5AAAOSw4a1lP5uo&amdata=enc%3AAQAIAAAA4Adm45MFMtw3OlTq9Kjp4bbGfifwqn3%2FULNSVgv0y4W5tCBnpZuZfw4uy8h49RdxF82rrOMZGliB%2FgcmAYMgiWqJeZblTUWD7%2Fg8JKMG3jpLU1yI1MmFQ1KucUPp%2FBUxqiKGaf3QdAT1kxD7gvD1WKSiCnl6yIGOOOsdbz9GovV90XtOusSlKXiULushBpUrPq%2BlXXM7AYcvaSdU57LWpfgcOLSJmvN19SyO9AY3L2j9E6IORnJ3aTl%2FHmhnclKiBURlmi7VMp7IDir%2FapDyB6KVqDPx5%2BtsA4KvrHV1gvhK%7Ctkp%3ABk9SR87vxPjyYg
Apple AirPods Pro 2nd Generation with MagSafe Wireless Charging Case - White,$62.00,https://i.ebayimg.com/thumbs/images/g/~bcAAOSwEAVlJU1c/s-l300.jpg,Brand New,https://www.ebay.com/itm/335099064412?hash=item4e0575f05c:g:~bcAAOSwEAVlJU1c&amdata=enc%3AAQAIAAAAwFc%2FkTHFSuYhbG%2Fo83plVs9K%2BbiTkEEnIaYFunCj%2BnjXNY7W5qPjpgisyyIlnCi1S8egRyDifFXczZX2Glyluep7hM7757ywcF%2FuJs1Fy6OJ1H5D4q1TIZc29gr3vs8NjUx%2FRtqr%2BYQkepRYWGkHr3XXAw10r%2F6UCQs5as6Y%2FpYeu6weazOCznCxoKd%2FG8kRwB1eQ0fX%2Fv5wcjIVmrTVwhJlcIW4A7UZpl0IOzvSQUM2i8Lats8hOwoVF9%2BCLRUdkg%3D%3D%7Ctkp%3ABk9SR87vxPjyYg
Apple AirPods Pro 2nd Generation with MagSafe Wireless Charging Case,$30.00,https://i.ebayimg.com/thumbs/images/g/plEAAOSwvNBlDMvD/s-l300.jpg,Open Box,https://www.ebay.com/itm/145398921532?epid=25056255340&hash=item21da73793c:g:plEAAOSwvNBlDMvD&amdata=enc%3AAQAIAAAA4G1D%2Fab5joZRXZC%2FMeFit0rjH1pWql52dTyZoNDQ1orcq4zdurF%2FY6NS1Uh2P6P8PogHdYJTGFGZVuBgJmYE1geA3psQ5lM8BdgRMYFFidhquOQvXyhT2uLaPPgUw4YTziEJ958KRUosxFut9JliurXpiSM13GEsl3f52vfx%2FQhOcAsR24hJdjBzCwCWOajW6DkzGazlGQtxqGj1SeqpdLv3X%2FLjmmv8IpcPwAZtKG3tC971MUr7aceRSoAVPFaBhL%2FfsV5sk710pg3IM2uJW9v3YBhenppJACWWmZOnzCzt%7Ctkp%3ABk9SR9DvxPjyYg
Apple AirPods Pro (1st Generation) with MagSafe Wireless Charging Case. Used,$50.00,https://i.ebayimg.com/thumbs/images/g/kvwAAOSwvrFlNrBS/s-l300.jpg,Pre-Owned,https://www.ebay.com/itm/285538728573?hash=item427b6f3a7d:g:kvwAAOSwvrFlNrBS&amdata=enc%3AAQAIAAAA4FWodViMfqoLvaP1P5cpWH1s7Tg0tL2ym9vJ0EYD2CD32aOvT%2F6HLJ1sqk1asObw7pcSd219FZYKMk%2F6wv%2FBYgs%2FqVbZkF9MsAVAH67%2FWEL2cE6rpAiO9ohLR2GqqroeR1rgZzG2uOAu2W13cVjHMijSmxZqnpyyqwypt9jRm8c7BV8d%2Bbzoq4MM5UV%2FM9YlCSgUoure0RMmmHgK7ynKCc5VFy9cNeYRc89jFBOqtN%2FoiG5lnYm69%2B%2FLqeNdJwJtsGOQCXAouxYYpjo9PLPYUrR92Uhejx18fzvhR9yQz1Lj%7Ctkp%3ABk9SR9DvxPjyYg
"New Listing
              


              Apple AirPods Pro with MagSafe Wireless Charging Case - White (READ DESCRIPTION)",$60.00,https://i.ebayimg.com/thumbs/images/g/UW4AAOSwigtlRVZd/s-l300.jpg,Pre-Owned,https://www.ebay.com/itm/394977311763?hash=item5bf67b7c13:g:UW4AAOSwigtlRVZd&amdata=enc%3AAQAIAAAAwJm0ydDk6KIK7oHMF1o29wP9abjZkTQtSJOY%2FwGyFR8tN4LuehVWBZMFkBh0Ma%2FXEL%2BYFGR%2FEaCTGSTjz5VXf41JPj2NADV2uMcTCLPSFpQJ%2BKLksc7TDTyTjmcmQ6qMH%2F5XBiJ%2BOX7hbahNcdg2SvgEBlXyMjn4yMvDn2Ky4Boiy6Ex9WPNzEOt7kS7H586j3%2B0IzZEIauSc%2FiaaS3vpffBFJGXV8sqSVhURFgtESRFu%2BBM7jJKmotR%2Feg4xz83lg%3D%3D%7Ctkp%3ABk9SR9DvxPjyYg
Apple AirPods Pro 2nd Generation with MagSafe Wireless Charging Case,$160.00,https://i.ebayimg.com/thumbs/images/g/Ht0AAOSwVKdlMr2I/s-l300.jpg,Brand New,https://www.ebay.com/itm/364543722544?hash=item54e07fc430:g:Ht0AAOSwVKdlMr2I&amdata=enc%3AAQAIAAAA4KaCkrZ%2F3V%2Bu5dLz36z0rDR15c6ScPIhmQ%2BxfC4c96xg7oTc1638tTu90JDmmtCmlSHhn04PRIMmL0jzJmTHo7WgcF0L2eoQg1lKzCXnVbilviTBOfDhYkmp7h1joElQSSyh4qzVfUqV064gO4M4hy%2FFpBYcluIGYY6XFAEHTUog049xDpCudj1tkqitWzrOGM644PPRxaplAEFtVV36sj34qmJ6FuoozdDRau%2FcVjih%2BatLpl5Gc0sRQAu3%2BLMELNNYL7Dkw8T4qkamf6zp3%2BzFCwI0N1BowkoGcDGtm8So%7Ctkp%3ABk9SR9DvxPjyYg
Apple Airpods Pro 1st Wireless Charging Case-Original Airpods Pro Charging Case,$49.97,https://i.ebayimg.com/thumbs/images/g/lYwAAOSwfeFhv7o1/s-l300.jpg,30 day free returns - Guaranteed quality,https://www.ebay.com/itm/125060827723?hash=item1d1e34ca4b:g:lYwAAOSwfeFhv7o1&amdata=enc%3AAQAIAAAAwN83HfkihgDGb9mt6%2Bu%2FhidD%2FiiWgEk2OqZkHMJHefiHzjDMrk47BBcM4xEeOsRe0GKPffNJcRQg8didsMFTQ4RNTTA%2BkPkikezKqEvu1AQalTp9F3OtvOTGP3qTLfwwX%2BCGiJdhySvo%2BrbzTo3xYkxKTpMVgB9LCp9Mfl64jTSEGSj%2BftzLWP7EFDAAS1eYjkrSl%2BOM41jfHjzsRG9GZz8xU8mhOLGN0dtUbWTHUmE1PIuTcbJ7E%2BO0vU8QxzaiGw%3D%3D%7Ctkp%3ABk9SR9DvxPjyYg
Apple AirPods Pro with MagSafe Charging Case 3rd Generation2021-1year Guarantee,$348.15,https://i.ebayimg.com/thumbs/images/g/z3gAAOSwOtRhmBkH/s-l300.jpg,Brand New,https://www.ebay.com/itm/174255180338?hash=item28926b0a32:g:z3gAAOSwOtRhmBkH&amdata=enc%3AAQAIAAAAwIG1O1n3mzrWC44x8eF7pKKzC5U%2BzWJ9MlnD%2BJON%2FAJXBuwXcS59y9LY8a6ZDCoMPWBYABRIJQA4PXe70cxy99iPG1BEeKrAuR8OoMR1gSfO3ItEBp4JXmVKTF4zZoGZfC3%2FRPehFecWXpVb7X575zCBLGAj0LeZwr%2FNDNXzGLxp9JIF0Ax08mW0JT1krUCjHALe8DKjTKk4QVzBQWTx5f%2FnXmP8A%2FUdm0GDpMWrDNl93BBsaYmuBP8QCp3cHmiRTg%3D%3D%7Ctkp%3ABk9SR9DvxPjyYg
Airpods Pro 2nd Generation With Magsafe Charging Case,$48.90,https://i.ebayimg.com/thumbs/images/g/ABEAAOSwpyVlFf31/s-l300.jpg,Open Box,https://www.ebay.com/itm/196042041620?hash=item2da5042914:g:ABEAAOSwpyVlFf31&amdata=enc%3AAQAIAAAAwDSgA9zD1sF0JuT087s33LwZKFavDJFr5KwCILBYfJPbIqrF7CayVI1H2IZ3ScbCU9nG4ehUGUBuePg%2BnwNAbqsPFvNPhHLzADk4DXAUyChfQ16UBXt6XoZABXmoXyMGuqhhyTjz5pH%2FsvpoHFARfBRREXErZR%2FHbFvzTgZDyVrfRGrr7hyeuOQbuWysPurJUA09T0lB9dzW9Rm5M67LLMOzPm0DDC%2FXShlQ4z0Hx3fTkpXEJwdfT4XApLClm8Qj1Q%3D%3D%7Ctkp%3ABk9SR9DvxPjyYg
Apple AirPods Pro with Wireless Charging Case - White,$25.00,https://i.ebayimg.com/thumbs/images/g/WPQAAOSwEmRlLcx~/s-l300.jpg,Pre-Owned,https://www.ebay.com/itm/394968861754?hash=item5bf5fa8c3a:g:WPQAAOSwEmRlLcx~&amdata=enc%3AAQAIAAAAwCMrt4UGRA%2F%2BGre6bXkop6tsxhOW7rP8nUsGR8xMhARooVOEFPyO%2Fr8tGDUe2xuswLLXUAYDfGXL0wTwSH%2FYKyeX2qITjndwG6o9GM0PcRWbaUAxUPEbYSAEwJhMEBYLEDdAzVdBPK1GFOLfYVvRWlK10DisgTcT%2Fx6ifIjLD70WqKuQkB%2F%2BXMqfLyC9x4NtTQDXTwAeGseQ7jX1YTaadFHJ%2BMTm7mWkNyEoYJAmjWKs1vztIqCchVL0KXtdmsgN%2FQ%3D%3D%7Ctkp%3ABk9SR9DvxPjyYg
AirPods Pro 2nd Generation With MagSafe Charging Case.,$90.00,https://i.ebayimg.com/thumbs/images/g/3UAAAOSwuA9lLvNO/s-l300.jpg,Brand New,https://www.ebay.com/itm/374994950106?hash=item574f70d7da:g:3UAAAOSwuA9lLvNO&amdata=enc%3AAQAIAAAAwIEYzAjPsK9tCykOzag9I%2B2UPCwl5dOr9HCWKiyrKzaowOfT6xESIgatc3tQaHhVY4duNgujObFj%2BhyQNcuWvz7zpq4WL9aVdJ1m73LmBQqr65%2F7sPNFK2V4zUvu5uGzVrFlVreWrV%2BL%2Bhvos5Hjw%2F7wtc8g2Lo1ygBzRlzAkE%2B%2FvaM%2BU8HEPWpjVifoqHyPH1aENT9nH%2F%2FqaRXnwkHf9fEL1eYf%2F0VSQx2BD7ba6j%2BKNExiDLnQaHtgaGY607N90A%3D%3D%7Ctkp%3ABk9SR9DvxPjyYg
Apple AirPods Pro 2nd Generation with MagSafe Wireless Charging Case - White,$89.00,https://i.ebayimg.com/thumbs/images/g/lVIAAOSw2oBlLqcX/s-l300.jpg,Pre-Owned,https://www.ebay.com/itm/145400553546?hash=item21da8c604a:g:lVIAAOSw2oBlLqcX&amdata=enc%3AAQAIAAAA4OVk0la33mEsbiF3i6gsutcaHy7EJhV6%2FgVHAsWEOWM2bV22PRYOkorEuq5CTTgpDXIDLmDwM2OEUmI3bydFCUkEJlc104EPGYuzBNVdF1c5vtUUOTNWK%2FjgXhZxpyw8MY7mD%2BfH4PzQtP3ysgamUVZ70H%2BtcJSILgGc7HgErWJBdUma6Y%2BHJ7P4ZjsylraJ8whhLfUNGCyYhVSjGsELPr2MbyJOOCfHevkN8xrYkaA4f0M8kQJKuyD3EJ9V0PNaDj1CP01ozOV%2BPSZlw9Lx3QCFmFaSEi2Udk7yXPwf%2FMbJ%7Ctkp%3ABk9SR9DvxPjyYg
APPLE AIRPODS PRO2BLUETOOTH EARBUDS EARPHONE HEADSET WITH WIRELESS CHARGING CASE,$75.00,https://i.ebayimg.com/thumbs/images/g/MY0AAOSw7TFlQ7vC/s-l300.jpg,Brand New,https://www.ebay.com/itm/145409160614?hash=item21db0fb5a6:g:MY0AAOSw7TFlQ7vC&amdata=enc%3AAQAIAAAA4JRSog4%2BQsAAnSbBPKmCO4wGxx%2BUIyZMbgI7uSeKH17ycyWwkUfXJsgOR1VyRte03dLi%2BSsv6PVdRz8mQ8EpqSXG6d3Jtn8nDRoLPrgJPCGjNSQ%2ByUht0CIs9pdP6BeWVKSt2Sh2m0Oz%2FcOZ76oBdqP838GBD1VH%2F1lNroxPjvMlokXBBrFMzPs3hxq3BYSW7RBOCVJUQiOawYndy%2FoBEDMo6mPe%2BqzpeD%2FbTymGyzu3oOZBYMtl%2FlMBhDjYXZVIWVmVwER9s%2F6AKmepJWj%2BOZ9pAxng%2BNaQHtVxd%2FYy%2F%2B7D%7Ctkp%3ABk9SR9DvxPjyYg
"New Listing
              


              Apple AirPods Pro 2nd Generation with MagSafe Wireless Charging Case - White",$22.50,https://i.ebayimg.com/thumbs/images/g/YLgAAOSwkQhlRI1Y/s-l300.jpg,Pre-Owned,https://www.ebay.com/itm/355160003566?hash=item52b12f93ee:g:YLgAAOSwkQhlRI1Y&amdata=enc%3AAQAIAAAA4J3gk3tN%2BbbLV3hP4UV6hR%2BJr8PxYhL4x61ufo9agD664D0969AXoHiAWUUuVAQCN8ftD8FmovgPQucck3%2FRpZYrZbl3duTgd1%2BzEtMDmJuqNEYrNYrtKG8M3w3Qyn9us%2BYcWOsYrKGk0Ba%2FJ%2BgMXoiinlL6Mg%2F9er8kk%2F8D2%2FhMqrN6mJMbGYUSt6o8fX3HLH0Mjat4%2B3PNW0aCQjBuu4FzRadnEIm2c5iPW9NSM5L%2FcXpc0POVl23pOgLr2tDq9FEtwDFbvZ5MdcOAVeH0MjTNOOJQKzrN5WRE6tOPtp4w%7Ctkp%3ABk9SR9DvxPjyYg
Apple AirPods Pro with Magsafe Charging Case - White (MLWK3AM/A)â„¢,$150.59,https://i.ebayimg.com/thumbs/images/g/wqkAAOSw1GRkJa1i/s-l300.jpg,Excellent - Refurbished,https://www.ebay.com/itm/115750152737?hash=item1af33f2a21:g:wqkAAOSw1GRkJa1i&amdata=enc%3AAQAIAAAAwPxi43avd74x2oGbf6hL07iNxtgQuefhqWpCHfFvbKNYAZ4z%2FL6d%2Blzo1RDXiDxse4xrZKRm4jhmcLsWtOm%2F2IoqlB7aKa2CXFxZrtVYwPK0iQbyqqs9opvtUA9O6RbC%2F%2FeFlm4qSFGR6WzocbUzLBIpIPeRFcf7UHtSALvhhqrNZIA8ZqJW%2F1HNcstFhZCZ2n58ePmCAue5CBHoUWreFgoD0%2FZNebvW5Kv4cYhCDfiB3LRWJQn7S6AHu%2BJMg39Owg%3D%3D%7Ctkp%3ABk9SR9DvxPjyYg
APPLE AIRPODS PRO 2ND GEN MAGSAFE WIRELESS CHARGING CASE A2700 GENUINE *BP27*,$85.18,https://i.ebayimg.com/thumbs/images/g/tK8AAOSwUN9j5euS/s-l300.jpg,Very Good - Refurbished,https://www.ebay.com/itm/304799715000?epid=26056278534&hash=item46f77a8eb8:g:tK8AAOSwUN9j5euS&amdata=enc%3AAQAIAAAAwJbrk9FwmbSlK3pXVAiBq%2FoJgDHhtEVo57N1%2FoFhlyhEMZcgU7cAbhp3mhiYikaZuaK49kmBaF%2BPLLL22bJ2BU1xMmJdaLbEmJgyAOIDSL5ajac28dh3vEVxlMteMfx25Nyhit2f2%2BUumMM3Rp%2FrFZF1KZdUM53jO305r%2FPrPHalzmTnuFpVQ07Vv0BbGnvFhBX5Ba4oRrzZ6S4%2Bq%2Buh7wLi9%2FHp%2BWjff09EVnZgx6gxQDtaD31tyVyD1KN1fn9b5w%3D%3D%7Ctkp%3ABk9SR9DvxPjyYg
Apple AirPods Pro 1st Generation with  Wireless Charging Case - MWP22AM/A,$29.99,https://i.ebayimg.com/thumbs/images/g/M90AAOSw2kplPSH3/s-l300.jpg,Parts Only,https://www.ebay.com/itm/325865850825?hash=item4bdf1e47c9:g:M90AAOSw2kplPSH3&amdata=enc%3AAQAIAAAAwMTex7pKo%2BWdlbixzFFTQNlybFDq30eCcrcgl6OJLSjC2jDiG%2FqZnmSKF9oLo9wg4s%2BjkNV%2FGg3mMLxpWI8mDF6q3SQjmek5V4%2FPSki9bKMSBPAPzo1sJ0XSsGWEub2NVpuohvRCtaSnHYwYzG12ux%2BvmBTmwGaj8aBlXH0iq94DQq882f7%2BNUDCixJz%2BuH7zvrx6csoQJFzcBnWm0DiR9NYWC%2FUNUTw167ooUhsosP3V3FQDj4ky2ifPtDp4krEMA%3D%3D%7Ctkp%3ABk9SR9DvxPjyYg
Apple AirPods Pro 1st Gen with Wireless Charging Case-Genuine Apple Airpods Pro,$129.98,https://i.ebayimg.com/thumbs/images/g/jUIAAOSw4UtlMZoz/s-l300.jpg,Good - Refurbished,https://www.ebay.com/itm/115947640016?epid=10034976643&hash=item1aff0494d0:g:jUIAAOSw4UtlMZoz&amdata=enc%3AAQAIAAAA4EiiL8%2B4p8N9jqAX4w08Crrr1alyot1xskjFZ5Oew1r02egmDn77L6gVnwhAiJ1eZMEYXbakAyUG0wD5C4arghfhOLN7%2FU0bYMtPrrxHrjtRcsfRIGzOn9sGZFWI7B5o1rM5HInRbi1J03I5io125JqvCHSlOdiSsKK6QFkwWgWHy6G%2FbDhBHf3wA%2FguGqQ8JrXT7%2BKwHjDfxu2amnWCa7GhSCEXBKsdc1OGH7IqOxWGlLO45KUOeYYpSikl000Zu6AMUFY1%2BZXHXG4uAT5D8yMTk87n3v7dpCGs1DUAmht6%7Ctkp%3ABk9SR9LvxPjyYg
Apple AirPods Pro 2nd Generation with MagSafe Wireless Charging Case - White,$79.99,https://i.ebayimg.com/thumbs/images/g/1VYAAOSwO3BlPP6g/s-l300.jpg,Brand New,https://www.ebay.com/itm/394964768303?hash=item5bf5bc162f:g:1VYAAOSwO3BlPP6g&amdata=enc%3AAQAIAAAA4NXLjgQfhmh0cR8VjwT7AdIu%2FK5dSBHOF306Ou7tYymu%2BNZj4dpAZaBsxao3tWKYtQNufa7zLs0YwNON3F3kvlI2Qvj3gctDjynImQidSy4Blkm%2F6pjxS1Jsimp9ifqxsWd3nOCmsQizg%2FsrNOTItCQim82yyhIeX8OG2Vf83irlDa9cSy69mwLahFVZVSaLzC%2F%2FqIgtUJMvkUlqHTRNYX9Jv2iz3w0DEM769MwUAXgsqnidsU5bjBlBZ%2B1rtMqpXj6XBsyQIGNBCy4aj%2BxYyP04ZaHVr6pyqcgKiEYdMK2v%7Ctkp%3ABFBM0u_E-PJi
Apple AirPods Pro (1st Gen) with Wireless Charging Case - White FREE SHIPPING,$50.00,https://i.ebayimg.com/thumbs/images/g/8okAAOSwU3JlDwRp/s-l300.jpg,Pre-Owned,https://www.ebay.com/itm/386142172091?hash=item59e7ddf3bb:g:8okAAOSwU3JlDwRp&amdata=enc%3AAQAIAAAA4AqZ0DEhR7fHsr7m1lsLodR20UjerOjPIo%2FM8a5w8h5gaVHiGcxlpyj3VKmplhEKg6QX2DIvGvmhfuyyNsMMrrtljxGRkF2OneACQrF16%2FKF9HB8dkhnn71M0UAykwsUnONueSk3s02GGteEnq9j%2F5RkjjGLDVANlnYI7FjCoV5QVgOpBio%2FQtrbV03%2BsGlizEp74rTk6J3jCZWFfa6ry9kjuFa42Pno76yK%2F1%2FOGbJbG3A9h9PjzL%2BT0dCU1wSdo95MpD%2FokmpI0g2gLqkyKUIS8W7lWOB7saxEMMy1W32C%7Ctkp%3ABFBM0u_E-PJi
Apple AirPods PRO Wireless Headset White MWP22AM/A Brand New Sealed,$179.99,https://i.ebayimg.com/thumbs/images/g/cCEAAOSwqbhkmw7L/s-l300.jpg,No status available,https://www.ebay.com/itm/256064474608?hash=item3b9ea1cdf0:g:cCEAAOSwqbhkmw7L
Apple AirPods Pro 2nd Generation with MagSafe Wireless Charging Case (USBâ€‘C)...,$229.99,https://i.ebayimg.com/thumbs/images/g/X70AAOSw4~1lMXJd/s-l300.jpg,No status available,https://www.ebay.com/itm/175974199917?hash=item28f8e1326d:g:X70AAOSw4~1lMXJd
Apple AirPods Pro MWP22AM/A Wireless Charging Case  ( Sealed in factory box ),$166.00,https://i.ebayimg.com/thumbs/images/g/xfEAAOSwlMRk8kic/s-l300.jpg,No status available,https://www.ebay.com/itm/175884491004?hash=item28f38858fc:g:xfEAAOSwlMRk8kic
Wireless Charging Case Y015 for Apple Airpods Pro NEW,$26.10,https://i.ebayimg.com/thumbs/images/g/5HQAAOSw4sBkrzGO/s-l300.jpg,No status available,https://www.ebay.com/itm/394739839966?hash=item5be853f3de:g:5HQAAOSw4sBkrzGO
Apple AirPods Pro with Wireless Charging Case - White,$40.00,https://i.ebayimg.com/thumbs/images/g/MQUAAOSwOwJjbOHJ/s-l300.jpg,No status available,https://www.ebay.com/itm/335092993680?epid=10034976643&hash=item4e05194e90:g:MQUAAOSwOwJjbOHJ
Apple AirPods Pro (2nd Generation) Gen 2 - Excellent,$154.99,https://i.ebayimg.com/thumbs/images/g/ywMAAOSwDLljl75S/s-l300.jpg,No status available,https://www.ebay.com/itm/165787124485?hash=item2699aec305:g:ywMAAOSwDLljl75S
Apple AirPods Pro 2nd Generation With Magsafe Wireless Charging Case MQD83AM/A,$159.95,https://i.ebayimg.com/thumbs/images/g/fKgAAOSwWuRjZXXl/s-l300.jpg,No status available,https://www.ebay.com/itm/295317463511?hash=item44c24ae1d7:g:fKgAAOSwWuRjZXXl
Apple AirPods Pro 2nd Gen Genuine Replacement Right or Left or Charging Case,$72.99,https://i.ebayimg.com/thumbs/images/g/DMwAAOSwYCdjX-yo/s-l300.jpg,No status available,https://www.ebay.com/itm/134300492000?hash=item1f44eee0e0:g:DMwAAOSwYCdjX-yo
Apple Airpods Pro 1st Gen LEFT Side Airpod Only - Original Apple Airpods Pro 1st,$47.99,https://i.ebayimg.com/thumbs/images/g/sRUAAOSw82VfCOqL/s-l300.jpg,No status available,https://www.ebay.com/itm/114297836968?hash=item1a9cae95a8:g:sRUAAOSw82VfCOqL
Genuine Apple AirPods Pro RIGHT Side A2083 - Replacement RIGHT SIDE EARBUD 1st,$59.99,https://i.ebayimg.com/thumbs/images/g/1ecAAOSw0x1jcwnU/s-l300.jpg,No status available,https://www.ebay.com/itm/275357627880?hash=item401c97f5e8:g:1ecAAOSw0x1jcwnU
Genuine Apple AirPods Pro (1st Gen) Replacement Parts Right Left AirPods or Case,$99.99,https://i.ebayimg.com/thumbs/images/g/dEsAAOSwhJlkgzPF/s-l300.jpg,No status available,https://www.ebay.com/itm/126039275830?hash=item1d5886b936:g:dEsAAOSwhJlkgzPF
Airpods Pro 2nd Generation Bluetooth Earbuds Earphone Headset & Charging Case,$49.99,https://i.ebayimg.com/thumbs/images/g/BtcAAOSwxxNk~Cj4/s-l300.jpg,No status available,https://www.ebay.com/itm/234325390480?hash=item368ee1b490:g:BtcAAOSwxxNk~Cj4
Apple AirPods Pro 1st Gen Wireless Charging Case Only Genuine Apple Airpods Pro,$48.97,https://i.ebayimg.com/thumbs/images/g/6X8AAOSw2oheH5hH/s-l300.jpg,No status available,https://www.ebay.com/itm/124048289790?hash=item1ce1daaffe:g:6X8AAOSw2oheH5hH
Apple AirPods Pro 2nd Gen Left Airpod Only Genuine Apple Airpods Pro Gen 2 Good,$69.95,https://i.ebayimg.com/thumbs/images/g/mOgAAOSw7Qpj6rHl/s-l300.jpg,No status available,https://www.ebay.com/itm/125772587610?hash=item1d48a1625a:g:mOgAAOSw7Qpj6rHl
AirPods Pro 1st Gen Replacement Earbud Right Left  A2083,$43.99,https://i.ebayimg.com/thumbs/images/g/aQwAAOSwKHdk5rEC/s-l300.jpg,No status available,https://www.ebay.com/itm/325785648266?hash=item4bda567c8a:g:aQwAAOSwKHdk5rEC
Apple Airpods Pro 2nd Gen RIGHT Airpod Pro - Original Airpods Pro 2nd Right Side,$68.98,https://i.ebayimg.com/thumbs/images/g/R0oAAOSw7Glj7qda/s-l300.jpg,No status available,https://www.ebay.com/itm/115708588299?hash=item1af0c4f10b:g:R0oAAOSw7Glj7qda
Apple Airpods Pro 2nd Gen - Select Left or Right Airpods or Charging Case Good,$69.95,https://i.ebayimg.com/thumbs/images/g/UAEAAOSwIXxj9qQW/s-l300.jpg,No status available,https://www.ebay.com/itm/115714025365?hash=item1af117e795:g:UAEAAOSwIXxj9qQW
Apple AirPods Pro 2nd Gen Replacement Case Only A2700,$64.99,https://i.ebayimg.com/thumbs/images/g/5M4AAOSww7Fk2~so/s-l300.jpg,No status available,https://www.ebay.com/itm/134691099198?hash=item1f5c37123e:g:5M4AAOSww7Fk2~so
Apple Airpods Pro 2nd Gen RIGHT Side Airpod Only Original Apple Airpods Pro 2nd,$68.95,https://i.ebayimg.com/thumbs/images/g/V2YAAOSwHKtj7p6d/s-l300.jpg,No status available,https://www.ebay.com/itm/125775969232?hash=item1d48d4fbd0:g:V2YAAOSwHKtj7p6d
Genuine Apple Airpods Pro Replacment - Right or Left Side,$59.99,https://i.ebayimg.com/thumbs/images/g/A5QAAOSwjnhgEavh/s-l300.jpg,No status available,https://www.ebay.com/itm/353235527219?hash=item523e7a6633:g:A5QAAOSwjnhgEavh
